name,sirname,university
Yalchin,Efendiev,Texas A$\&$M University and North-Eastern Federal University
Oleg,Iliev,Fraunhofer Institute for Industrial Mathematics
Eric,Chung,Chinese University of Hong Kong
Dongwoo,Sheen,Seoul National University
Victor,Calo,Curtin University
Grigory,Panasenko,Universit\'e de Saint-Etienne
Natalia,Kopteva,University of Limerick
Viet Ha,Hoang,Nanyang Technological University
Valery P., Il'in,The Institute of Computational Mathematics and Mathematical Geophysics SB RAS
Petr N.,Vabishchevich,Nuclear Safety Institute RAS
Alexandr N.,Vlasov,Institute of Applied Mechanics RAS
Yuri V.,Vassilevski,Marchuk Institute of Numerical Mathematics RAS
Dmitri,Kuzmin,Technische Universit\"at Dortmund
Maxim A.,Olshanskii,University of Houston
Viktoria L.,Savatorova,University of Nevada Las Vegas
Vasiliy M.,Goloviznin,Lomonosov Moscow State University
Eugene E.,Tyrtyshnikov,Marchuk Institute of Numerical Mathematics RAS
Evgenii B.,Savenkov,Keldysh Institute of Applied Mathematics
Vladimir N.,Temlyakov,University of South Carolina
Alexandra P.,Chechkina,Lomonosov Moscow State University
Ivan,Kapyrin,Marchuk Institute of Numerical Mathematics RAS
Fedor,Grigoryev,Marchuk Institute of Numerical Mathematics RAS
Alexey,Chernyshenko,Marchuk Institute of Numerical Mathematics RAS
Igor,Konshin,Computing Center FRC CSC RAS
Vladimir,Titarev,Computing Center, FRC CSC RAS
Vasiliy,Kramarenko,Marchuk Institute of Numerical Mathematics RAS
Kirill,Nikitin,Marchuk Institute of Numerical Mathematics RAS
Konstantin,Novikov,Marchuk Institute of Numerical Mathematics RAS
Kirill,Terekhov,Marchuk Institute of Numerical Mathematics RAS
Mikhail A.,Tolstykh,Marchuk Institute of Numerical Mathematics RAS
Maria,Vasilyeva,North-Eastern Federal University
Aleksandr,Grigoriev,North-Eastern Federal University
Aleksandr,Kolesov,North-Eastern Federal University
Aleksandr,Vasilev,North-Eastern Federal University
Sergei,Stepanov,North-Eastern Federal University
Valentin,Alexeev,North-Eastern Federal University
Uygulaana,Gavrilieva,North-Eastern Federal University
Denis,Spiridonov,North-Eastern Federal University
Alexey,Tyrylgin,North-Eastern Federal University
Ivan,Oseledets,Skolkovo Institute of Science and Technology (Skoltech)
Denis,Volkhonskiy,Skolkovo Institute of Science and Technology (Skoltech)
Raghavendra,Jana,Skolkovo Institute of Science and Technology (Skoltech)
Ekaterina,Muravleva,Skolkovo Institute of Science and Technology (Skoltech)
Evgenii,Sharaborin,Skolkovo Institute of Science and Technology (Skoltech)
Konstantin,Potashev,Kazan Federal University
Kirill,Vatutin,Ivannikov Institute for System Programming of the RAS
Daniil,Ryazanov,Ivannikov Institute for System Programming of the RAS
Matvey,Kraposhin,Ivannikov Institute for System Programming of the RAS
Aleksandr,Chikitkin,Moscow Institute of Physics and Technology
Olga V.,Suryadnova, Deputy Project Director LLC <<Inconsult K>>

