sirname,name,university
%Section 1
Агишева, Ульяна, Институт механики им. Р.Р. Мавлютова
Аксенов, Александр, Московский государственный университет им. М.В. Ломоносова
Бахолдин, Игорь, Институт прикладной математики им. М.В. Келдыша РАН
Богомолов, Николай, ПАО РКК «Энергия» им. С.П. Королёва
Богомолов, Яков, Институт прикладной физики РАН
Булатов, Виталий, Институт проблем механики им. А.Ю. Ишлинского РАН
Вигдорович, Игорь, Московский государственный университет им. М.В. Ломоносова
Владимиров, Игорь, Институт океанологии им. П.П. Ширшова РАН
Вшивков, Виталий, Институт вычислительной математики и математической геофизики СО РАН
Гаврильева, Анна, Институт физико-технических проблем Севера им. В.П. Ларионова СО РАН
Gavrilyuk, Sergei, Marseille University
Голубятников, Александр, Московский государственный университет им. М.В. Ломоносова
Гордеева, Надежда, Московский государственный технический университет им. Н.Э. Баумана
Губайдуллин, Дамир, Институт механики и машиностроения КазНЦ РАН
Гусев, Евгений, Институт проблем нефти и газа Сибирского Отделения РАН
Доброхотов, Сергей, Институт проблем механики им. А.Ю. Ишлинского РАН
Дружков, Константин, Московский государственный университет им. М.В. Ломоносова
Калугин, Алексей, Московский государственный университет им. М.В. Ломоносова
Капитонова, Тамара, Институт физико-технических проблем Севера им. В.П. Ларионова СО РАН
Конопельчев, Михаил, Московский авиационный институт (национальный исследовательский университет)
Корчагин, Николай, Институт океанологии им. П.П. Ширшова РАН
Кузьмин, Александр, Санкт-Петербургский государственный университет
Леонтьев, Николай, Московский государственный университет им. М.В. Ломоносова
Ли, Шугуан, Московский государственный технический университет им. Н.Э. Баумана
Литвинов, Владислав, Самарский государственный технический университет
Максимова, Анастасия, Новосибирский государственный университет
Мастихин, Антон, Московский государственный технический университет им. Н.Э. Баумана
Панченко, Галина, Институт автоматики и процессов управления ДВО РАН
Привалов, Лаврентий, Уфимский государственный нефтяной технический университет
Радченко, Павел, Томский государственный архитектурно-строительный университет
Ревенко, Виктор, Институт прикладных проблем механики и математики НАНУ
Савин, Александр, Московский государственный технический университет им. Н.Э. Баумана
Сидняев, Николай, Московский государственный технический университет им. Н.Э. Баумана
Стручкова, Галина, Институт физико-технических проблем Севера СО РАН
Цыпкин, Георгий, Институт проблем механики им. А.Ю. Ишлинского РАН
Черных, Вера, Институт проблем нефти и газа СО РАН
Чесноков, Александр, Институт гидродинамики им. М.А. Лаврентьева СО РАН
Юнаковский, Алексей, Институт прикладной физики Российской академии наук РАН
%Section 2
Артёмова, Наталья, Институт математики и механики им. Н.Н. Красовского УО РАН
Асфандияров, Данил, Институт проблем безопасного развития атомной энергетики РАН
Афанасьев, Никита, Московский государственный университет им. М.В. Ломоносова
Вабищевич, Петр, Институт проблем безопасного развития атомной энергетики РАН
Глотов, Вячеслав, Московский государственный университет им. М.В. Ломоносова
Головизнин, Василий, Московский государственный университет им. М.В. Ломоносова, Москва
Горбачев, Даниил, Московский государственный университет им. М.В. Ломоносова
Горчаков, Андрей, Вычислительный центр им. А.А. Дородницина РАН
Гришин, Юрий, Московский государственный технический университет им. Н.Э. Баумана
Гущин, Валентин, Институт автоматизации проектирования РАН
Дзама, Дмитрий, Институт проблем безопасного развития атомной энергетики РАН
Канаев, Антон, Институт проблем безопасного развития атомной энергетики РАН
Киселев, Аркадий, Институт проблем безопасного развития атомной энергетики РАН
Егорова, Анастасия, Северо-Восточный федеральный университет им. М.К. Аммосова
Ермолаева, Надежда, Санкт-Петербургский государственный университет
Зайцев, Михаил, Институт проблем безопасного развития атомной энергетики РАН
Кондаков, Василий, Институт проблем безопасного развития атомной энергетики РАН
Курбатова, Галина, Санкт-Петербургский государственный университет
Каширин, Алексей, Вычислительный центр ДВО РАН
Кравченко, Олег, Федеральный исследовательский центр «Информатика и управление» РАН
Лазарева, Галина, Институт вычислительной математики и математической геофизики СО РАН
Матвеенко, Александр, Московский авиационный институт (национальный исследовательский университет)
Майоров, Петр, Московский государственный университет им. М.В. Ломоносова
Майоров, Павел, Московский государственный университет им. М.В. Ломоносова
Соловьев, Андрей, Московский государственный университет им. М.В. Ломоносова
Соловьев, Павел, Казанский (Приволжский) федеральный университет
Сороковикова, Ольга, Институт проблем безопасного развития атомной энергетики РАН
Тимофеева, Татьяна, Северо-Восточный федеральный университет им. М.К. Аммосова
Тишкин, Владимир, Институт прикладной математики им. М.В. Келдыша РАН
Устинов, Григорий, Институт проблем безопасного развития атомной энергетики РАН
Храпов, Сергей, Волгоградский государственный университет
Черепанов, Анатолий, Институт проблем безопасного развития атомной энергетики РАН
Четверушкин, Борис, Институт прикладной математики им. М.В. Келдыша РАН
%Section 3
Боганюк, Юлия, Тюменский государственный университет
Брехов, Антон, Московский государственный университет им. М.В. Ломоносова
Ватутин, Кирилл, Институт системного программирования им. В.П. Иванникова РАН
Галимзянов, Марат, Институт механики им. Р.Р. Мавлютова УНЦ РАН
Левин, Михаил, Институт системного программирования им. В.П. Иванникова РАН
Капуста, Дмитрий, Московский государственный университет им. М.В. Ломоносова
Корчагова, Виктория, Институт системного программирования им. В.П. Иванникова РАН
Кошелев, Константин, Институт системного программирования им. В.П. Иванникова РАН
Крапошин, Матвей, Институт системного программирования им. В.П. Иванникова РАН
Рязанов, Даниил, Институт системного программирования им. В.П. Иванникова РАН
Сибгатуллин, Ильяс, Институт системного программирования им. В.П. Иванникова РАН
Стрижак, Сергей, Институт системного программирования им. В.П. Иванникова РАН
Yunfeng, Bai, Northern (Arctic) Federal University named after M.V. Lomonosov
%Section 4
Антонов, Михаил, Северо-Восточный федеральный университет им. М.К. Аммосова
Ахметбаев, Даурен, Казахский агротехнический университет им. С. Сейфуллина
Березовский, Владимир, Северный (Арктический) федеральный университет
Волокитин, Валентин, Нижегородский государственный университет им. Н.И. Лобачевского
Гергель, Виктор, Нижегородский государственный университет им. Н.И. Лобачевского
Глинский, Борис, Институт вычислительной математики и математической геофизики СО РАН
Джандигулов, Абдыгали, Евразийский национальный университет им. Л. Гумилева
Дорошин, Антон, Самарский национальный исследовательский университет им. академика С.П. Королева
Ерёменко, Александр, Самарский национальный исследовательский университет им. академика С.П. Королева
Малышев, Виктор, Уфимский государственный нефтяной технический университет
Мышев, Алексей, Обнинский институт атомной энергетики НИЯУ «МИФИ»
Никитин, Илья, Институт автоматизации проектирования РАН
Поляков, Сергей, Институт прикладной математики им. М.В. Келдыша РАН
Попов, Василий, Северо-Восточный федеральный университет им. М.К. Аммосова
Рассадин, Александр, Лаборатория бесконечномерного анализа и математической физики
Решетова, Галина, Институт вычислительной математики и математической геофизики СО РАН
Середжинова, Галия, Северо-Кавказский федеральный университет, ИСТиД (филиал) СКФУ
Степанов, Антон, Чувашская государственная сельскохозяйственная академия
Чеверда, Владимир, Институт нефтегазовой геологии и геофизики им. А.А.Трофимука СО РАН
Шайдуров, Владимир, Красноярский научный центр СО РАН
Юшина, Ирина, Южно-уральский государственный университет
Цепаев, Алексей, Институт механики и машиностроения КазНЦ РАН
%Section 5
Chung, Eric, Chinese University of Hong Kong
Efendiev, Yalchin, Texas A\&M University
Iliev, Oleg, Fraunhofer ITWM
Lazarov, Raytcho, Texas A\&M University
Minev, Peter, University of Alberta
Panasenko, Grigory, Université de Saint-Etienne
Алексеев, Валентин, Северо-Восточный федеральный университет им. М.К. Аммосова
Аристов, Антон, Национальный исследовательский технологический университет «МИСиС»
Афанасьева, Надежда, Северо-Восточный федеральный университет им. М.К. Аммосова
Бакулин, Владимир, Институт прикладной механики РАН
Васильев, Александр, Северо-Восточный федеральный университет им. М.К. Аммосова
Васильева, Мария, Северо-Восточный федеральный университет им. М.К. Аммосова
Гаврильева, Уйгулана, Северо-Восточный федеральный университет им. М.К. Аммосова
Григорьев, Александр, Северо-Восточный федеральный университет им. М.К. Аммосова
Григорьев, Василий, Северо-Восточный федеральный университет им. М.К. Аммосова
Виноградов, Юрий, Московский государственный технический университет им. Н.Э. Баумана
Егорова, Алена, Северо-Восточный федеральный университет им. М.К. Аммосова
Захаров, Петр, Северо-Восточный федеральный университет им. М.К. Аммосова
Колесов, Александр, Северо-Восточный федеральный университет им. М.К. Аммосова
Лисица, Вадим, Институт нефтегазовой геологии и геофизики им. А.А.Трофимука СО РАН
Морозов, Петр, Институт механики и машиностроения КазНЦ РАН
Неустроева, Наталья, Северо-Восточный федеральный университет им. М.К. Аммосова
Никифоров, Дьулустан, Северо-Восточный федеральный университет им. М.К. Аммосова
Репинский, Вадим, Московский авиационный институт (национальный исследовательский университет)
Сивцев, Петр, Северо-Восточный федеральный университет им. М.К. Аммосова
Спиридонов, Денис, Северо-Восточный федеральный университет им. М.К. Аммосова
Степанов, Сергей, Северо-Восточный федеральный университет им. М.К. Аммосова
Тырылгин, Алексей, Северо-Восточный федеральный университет им. М.К. Аммосова
%Section 6
Аммосова, Ольга, Институт проблем нефти и газа СО РАН
Бадертдинова, Елена, Институт механики и машиностроения КазНЦ РАН
Васильев, Василий, Северо-Восточный федеральный университет им. М.К. Аммосова
Васильева, Мария, Институт проблем нефти и газа СО РАН
Винокурова, Татьяна, Институт мерзлотоведения СО РАН
Пермяков, Петр, Институт физико-технических проблем Севера им. В.П. Ларионова СО РАН
Гадыльшин, Кирилл, Институт нефтегазовой геологии и геофизики им. А.А.Трофимука СО РАН
Зубкова, Татьяна, Оренбургский государственный университет
Иванов, Дьулус, Северо-Восточный федеральный университет им. М.К. Аммосова
Кабанихин, Сергей, Институт вычислительной математики и математической геофизики СО РАН
Кадырова, Альфия, Институт механики и машиностроения КазНЦ РАН
Казаков, Александр, Институт динамики систем и теории управления СО РАН
Кардашевский, Анатолий, Северо-Восточный федеральный университет им. М.К. Аммосова
Карчевский, Андрей, Институт математики им. С.Л. Соболева СО РАН
Кондаков, Алексей, Якутский научный центр СО РАН
Николаева, Вероника, Северо-Восточный федеральный университет им. М.К. Аммосова
Полежаев, Виктор, Российский экономический университет им. Г.В. Плеханова
Старостин, Николай, Институт проблем нефти и газа СО РАН
Тихонов, Роман, Институт проблем нефти и газа СО РАН
Токарева, Марина, Оренбургский государственный университет
Хайруллин, Мухамед, Институт механики и машиностроения КазНЦ РАН
Юсупова, Кристина, Московский государственный технический университет им. Н.Э. Баумана
Шишленин, Максим, Институт вычислительной математики и математической геофизики СО РАН
Чубатов, Андрей, Армавирский государственный педагогический университет
Ягола, Анатолий, Московский государственный университет им. М.В. Ломоносова